email,password
neha1,test
neha2,test
neha3,test
neha4,test
neha5,test
neha6,test
neha7,test
neha8,test
neha9,test
neha10,test
neha11,test
neha12,test
neha13,test
neha14,test
neha15,test
neha16,test
neha17,test
neha18,test
neha19,test
neha20,test
neha21,test
neha22,test
neha23,test
neha24,test
neha25,test
neha26,test
neha27,test
neha28,test
neha29,test
neha30,test
neha31,test
neha32,test
neha33,test
neha34,test
neha35,test
neha36,test
neha37,test
neha38,test
neha39,test
neha40,test
neha41,test
neha42,test
neha43,test
neha44,test
neha45,test
neha46,test
neha47,test
neha48,test
neha49,test
neha50,test
neha51,test
neha52,test
neha53,test
neha54,test
neha55,test
neha56,test
neha57,test
neha58,test
neha59,test
neha60,test
neha61,test
neha62,test
neha63,test
neha64,test
neha65,test
neha66,test
neha67,test
neha68,test
neha69,test
neha70,test
neha71,test
neha72,test
neha73,test
neha74,test
neha75,test
neha76,test
neha77,test
neha78,test
neha79,test
neha80,test
neha81,test
neha82,test
neha83,test
neha84,test
neha85,test
neha86,test
neha87,test
neha88,test
neha89,test
neha90,test
neha91,test
neha92,test
neha93,test
neha94,test
neha95,test
neha96,test
neha97,test
neha98,test
neha99,test
neha100,test
